"region","departamento","poblacion","n_mas","n_deff","n_corregido","factor","meta_sin_redondear","meta_final"
"Bogotá","Bogotá D.C.","7780253","625","937,5","937,3870473290688","1,4","1312,3418662606962","1313"
"Caribe","Atlántico","2806306","625","937,5","937,1869148508137","1,4","1312,061680791139","1313"
"Caribe","Bolívar","2345340","625","937,5","937,1254039643648","1,4","1311,9755655501106","1312"
"Caribe","Cesar","1284077","625","937,5","936,8160339824959","1,4","1311,5424475754942","1312"
"Caribe","Córdoba","1670770","625","937,5","936,9742463917881","1,4","1311,7639449485034","1312"
"Caribe","La Guajira","1151490","625","937,5","936,7373435639117","1,4","1311,4322809894763","1312"
"Caribe","Magdalena","1402034","625","937,5","936,8735394838741","1,4","1311,6229552774237","1312"
"Caribe","San Andrés","61282","625","937,5","923,374102974148","1,4","1292,723744163807","1293"
"Caribe","Sucre","944956","625","937,5","936,570819019266","1,4","1311,1991466269724","1312"
"Central","Antioquia","6959952","625","937,5","937,3737365030719","1,4","1312,3232311043005","1313"
"Central","Caldas","911331","625","937,5","936,5365706477862","1,4","1311,1511989069006","1312"
"Central","Caquetá","411841","625","937,5","935,3707557443036","1,4","1309,5190580420249","1310"
"Central","Huila","1184153","625","937,5","936,7583636017672","1,4","1311,461709042474","1312"
"Central","Quindío","569685","625","937,5","935,9597413351208","1,4","1310,343637869169","1311"
"Central","Risaralda","1076349","625","937,5","936,6841480887396","1,4","1311,3578073242354","1312"
"Central","Tolima","1300917","625","937,5","936,8248813519482","1,4","1311,5548338927274","1312"
"Oriental","Boyacá","1171268","625","937,5","936,7502114603625","1,4","1311,4502960445075","1312"
"Oriental","Cundinamarca","2765132","625","937,5","937,1822544588993","1,4","1312,055156242459","1313"
"Oriental","Meta","1080475","625","937,5","936,6872608740883","1,4","1311,3621652237237","1312"
"Oriental","Norte de Santander","1746638","625","937,5","936,9970710850547","1,4","1311,7958995190766","1312"
"Oriental","Santander","2270133","625","937,5","937,1129991341088","1,4","1311,9581987877523","1312"
"Orinoquía-Amazonía","Amazonas","76629","625","937,5","926,168996925219","1,4","1296,6365956953064","1297"
"Orinoquía-Amazonía","Arauca","319492","625","937,5","934,7570994555745","1,4","1308,659939237804","1309"
"Orinoquía-Amazonía","Casanare","434332","625","937,5","935,4807768520423","1,4","1309,673087592859","1310"
"Orinoquía-Amazonía","Guainía","54596","625","937,5","921,6734043415237","1,4","1290,342766078133","1291"
"Orinoquía-Amazonía","Guaviare","85937","625","937,5","927,3830352980448","1,4","1298,3362494172627","1299"
"Orinoquía-Amazonía","Putumayo","332640","625","937,5","934,865211232772","1,4","1308,8112957258807","1309"
"Orinoquía-Amazonía","Vaupés","34307","625","937,5","912,5625984196115","1,4","1277,587637787456","1278"
"Orinoquía-Amazonía","Vichada","90089","625","937,5","927,8445013265367","1,4","1298,9823018571512","1299"
"Pacífica","Cauca","1329172","625","937,5","936,8392226354296","1,4","1311,5749116896013","1312"
"Pacífica","Chocó","441422","625","937,5","935,5131403304326","1,4","1309,7183964626056","1310"
"Pacífica","Nariño","1447016","625","937,5","936,8930010528653","1,4","1311,6502014740113","1312"
"Pacífica","Valle","4628732","625","937,5","937,3101578849202","1,4","1312,234221038888","1313"
